STARSTRUKK (feat. Katy Perry),3OH!3,dance pop,2009,140,-6,203,70,2010,Duo
My First Kiss (feat. Ke$ha),3OH!3,dance pop,2010,138,-4,192,68,2010,Duo
I Need A Dollar,Aloe Blacc,pop soul,2010,95,-7,243,72,2010,Solo
Airplanes (feat. Hayley Williams of Paramore),B.o.B,atl hip hop,2010,93,-4,180,80,2010,Solo
Nothin' on You (feat. Bruno Mars),B.o.B,atl hip hop,2010,104,-6,268,79,2010,Solo
Magic (feat. Rivers Cuomo),B.o.B,atl hip hop,2010,82,-4,196,71,2010,Solo
The Time (Dirty Bit),Black Eyed Peas,dance pop,2010,128,-8,308,75,2010,Band/Group
Imma Be,Black Eyed Peas,dance pop,2009,92,-7,258,71,2010,Band/Group
Talking to the Moon,Bruno Mars,dance pop,2010,146,-5,218,87,2010,Solo
Just the Way You Are,Bruno Mars,dance pop,2010,109,-5,221,86,2010,Solo
Teach Me How to Dougie,Cali Swag District,pop rap,2011,85,-5,237,71,2010,Band/Group
Forget You,CeeLo Green,atl hip hop,2010,127,-4,223,69,2010,Solo
Deuces (feat. Tyga & Kevin McCall),Chris Brown,dance pop,2011,74,-5,277,74,2010,Solo
Memories (feat. Kid Cudi),David Guetta,big room,2009,130,-6,210,74,2010,Solo
Gettin' Over You (feat. Fergie & LMFAO),David Guetta,big room,2009,130,-5,188,55,2010,Solo
Over,Drake,canadian hip hop,2010,100,-6,234,72,2010,Solo
Find Your Love,Drake,canadian hip hop,2010,96,-6,209,70,2010,Solo
Barbra Streisand (Radio Edit),Duck Sauce,disco house,2010,128,-2,195,61,2010,Duo
Stereo Love - Radio Edit,Edward Maya,romanian house,2010,127,-4,185,71,2010,Solo
Pack Up,Eliza Doolittle,lilith,2010,133,-6,191,46,2010,Solo
Starry Eyed,Ellie Goulding,dance pop,2010,150,-5,177,59,2010,Solo
Love The Way You Lie,Eminem,detroit hip hop,2010,87,-5,263,87,2010,Solo
Not Afraid,Eminem,detroit hip hop,2010,115,-1,248,85,2010,Solo
I Like It,Enrique Iglesias,dance pop,2010,129,-3,232,71,2010,Solo
Kickstarts,Example,dance pop,2010,126,-4,182,69,2010,Solo
Like A G6,Far East Movement,asian american hip hop,2010,125,-8,217,75,2010,Band/Group
Club Can't Handle Me (feat. David Guetta),Flo Rida,dance pop,2010,128,-4,235,81,2010,Solo
Hot - Malibu Breeze Radio Edit,INNA,dance pop,2010,128,-8,224,43,2010,Solo
Replay,Iyaz,dance pop,2009,91,-6,182,78,2010,Solo
Whatcha Say,Jason Derulo,dance pop,2010,144,-6,221,72,2010,Solo
Ridin' Solo,Jason Derulo,dance pop,2010,89,-4,216,70,2010,Solo
In My Head,Jason Derulo,dance pop,2010,110,-4,199,67,2010,Solo
Down,Jay Sean,dance pop,2009,132,-4,213,83,2010,Solo
Do You Remember,Jay Sean,dance pop,2009,126,-5,211,74,2010,Solo
Young Forever,JAY-Z,east coast hip hop,2009,140,-3,254,71,2010,Solo
Heartbreak Warfare,John Mayer,neo mellow,2009,97,-8,270,69,2010,Solo
Half of My Heart,John Mayer,neo mellow,2009,115,-9,250,68,2010,Solo
Baby,Justin Bieber,canadian pop,2010,65,-5,214,86,2010,Solo
California Gurls,Katy Perry,dance pop,2012,125,-4,235,78,2010,Solo
Teenage Dream,Katy Perry,dance pop,2010,120,-5,228,76,2010,Solo
Commander,Kelly Rowland,atl hip hop,2011,125,-4,218,54,2010,Solo
TiK ToK,Kesha,dance pop,2010,120,-3,200,86,2010,Solo
Your Love Is My Drug,Kesha,dance pop,2010,120,-4,187,75,2010,Solo
Take It Off,Kesha,dance pop,2010,125,-5,215,74,2010,Solo
Blah Blah Blah (feat. 3OH!3),Kesha,dance pop,2010,120,-3,172,67,2010,Solo
Wavin' Flag,K'NAAN,reggae fusion,2009,76,-6,221,63,2010,Solo
Live Like We're Dying,Kris Allen,idol,2009,92,-3,213,57,2010,Solo
Bad Romance,Lady Gaga,art pop,2009,119,-4,295,86,2010,Solo
Telephone,Lady Gaga,art pop,2009,122,-6,221,75,2010,Solo
Alejandro,Lady Gaga,art pop,2009,99,-7,274,72,2010,Solo
Right Above It,Lil Wayne,hip hop,2010,76,-4,272,74,2010,Solo
My Chick Bad,Ludacris,atl hip hop,2010,85,-7,217,73,2010,Solo
How Low,Ludacris,atl hip hop,2010,144,-7,202,68,2010,Solo
Misery,Maroon 5,pop,2010,103,-5,216,70,2010,Band/Group
When We Collide,Matt Cardle,talent show,2011,82,-6,226,52,2010,Solo
Cooler Than Me - Single Mix,Mike Posner,dance pop,2010,130,-5,213,81,2010,Solo
Can't Be Tamed,Miley Cyrus,dance pop,2010,117,-3,168,69,2010,Solo
Animal,Neon Trees,modern alternative rock,2010,148,-6,212,76,2010,Band/Group
Fireflies,Owl City,indietronica,2009,180,-7,228,84,2010,Band/Group
She Said,Plan B,grime,2010,147,-6,211,39,2010,Duo
Only Girl (In The World),Rihanna,barbadian pop,2010,126,-4,235,82,2010,Solo
Rude Boy,Rihanna,barbadian pop,2009,174,-4,223,80,2010,Solo
What's My Name?,Rihanna,barbadian pop,2010,100,-3,263,75,2010,Solo
Man Down,Rihanna,barbadian pop,2010,156,-4,267,65,2010,Solo
Hard,Rihanna,barbadian pop,2009,182,-4,251,60,2010,Solo
Dancing On My Own - Radio Edit,Robyn,art pop,2010,117,-6,278,65,2010,Solo
King of Anything,Sara Bareilles,acoustic pop,2010,119,-4,207,66,2010,Solo
This Ain't a Love Song,Scouting For Girls,dance pop,2017,177,-4,211,58,2010,Band/Group
Eenie Meenie,Sean Kingston,dance pop,2020,121,-3,202,72,2010,Solo
Riverside,Sidney Samson,dutch house,2009,126,-2,321,42,2010,Solo
Alors on danse - Radio Edit,Stromae,belgian pop,2010,120,-9,206,83,2010,Solo
Stuck Like Glue,Sugarland,contemporary country,2010,84,-5,248,73,2010,Duo
One - Radio Edit,Swedish House Mafia,dance pop,2010,125,-7,170,62,2010,Band/Group
Miami 2 Ibiza - Swedish House Mafia vs. Tinie Tempah,Swedish House Mafia,dance pop,2010,125,-6,206,52,2010,Band/Group
Dynamite,Taio Cruz,dance pop,2010,120,-4,203,85,2010,Solo
Break Your Heart,Taio Cruz,dance pop,2010,122,-4,202,79,2010,Solo
The Flood,Take That,boy band,2010,101,-6,289,63,2010,Band/Group
Back To December,Taylor Swift,pop,2010,142,-5,293,71,2010,Solo
Mine,Taylor Swift,pop,2010,121,-3,231,70,2010,Solo
Today Was A Fairytale,Taylor Swift,pop,2011,158,-4,242,56,2010,Solo
If I Die Young,The Band Perry,contemporary country,2010,131,-7,223,74,2010,Band/Group
For the First Time,The Script,celtic rock,2011,174,-5,253,66,2010,Band/Group
All Time Low,The Wanted,boy band,2010,134,-5,205,63,2010,Band/Group
Seek Bromance (Avicii Vocal Edit),Tim Berg,edm,2010,126,-3,201,55,2010,Solo
Carry Out (Featuring Justin Timberlake),Timbaland,dance pop,2009,116,-7,232,74,2010,Solo
If We Ever Meet Again (Featuring Katy Perry),Timbaland,dance pop,2009,126,-7,293,74,2010,Solo
Pass Out,Tinie Tempah,dance pop,2010,91,-3,268,51,2010,Solo
Written in the Stars (feat. Eric Turner),Tinie Tempah,dance pop,2010,123,-3,208,51,2010,Solo
Billionaire (feat. Bruno Mars),Travie McCoy,dance pop,2010,87,-6,211,77,2010,Solo
Bottoms Up (feat. Nicki Minaj),Trey Songz,dance pop,2010,74,-5,242,78,2010,Solo
Say Aah (feat. Fabolous),Trey Songz,dance pop,2009,93,-4,208,68,2010,Solo
What You Know,Two Door Cinema Club,indie rock,2010,139,-4,192,76,2010,Band/Group
DJ Got Us Fallin' In Love (feat. Pitbull),Usher,atl hip hop,2010,120,-3,221,84,2010,Solo
OMG (feat. will.i.am),Usher,atl hip hop,2010,130,-6,269,78,2010,Solo
Hey Daddy (Daddy's Home),Usher,atl hip hop,2010,96,-4,224,65,2010,Solo
No Hands (feat. Roscoe Dash & Wale),Waka Flocka Flame,atl hip hop,2010,131,-6,264,63,2010,Solo
We No Speak Americano (Edit),Yolanda Be Cool,australian dance,2020,125,-5,157,65,2010,Duo
BedRock,Young Money,dance pop,2009,148,-6,288,76,2010,Band/Group
Rolling in the Deep,Adele,british soul,2011,105,-5,228,84,2011,Solo
Set Fire to the Rain,Adele,british soul,2011,108,-4,243,81,2011,Solo
Mr. Saxobeat,Alexandra Stan,dance pop,2011,127,-4,195,69,2011,Solo
What the Hell,Avril Lavigne,canadian pop,2011,150,-4,221,80,2011,Solo
Lighters,Bad Meets Evil,detroit hip hop,2011,90,-8,304,74,2011,Duo
Love On Top,Beyoncé,dance pop,2011,94,-5,267,79,2011,Solo
Best Thing I Never Had,Beyoncé,dance pop,2011,99,-4,254,74,2011,Solo
Skinny Love,Birdy,pop,2011,166,-8,201,77,2011,Solo
Just Can’t Get Enough,Black Eyed Peas,dance pop,2010,94,-9,219,81,2011,Band/Group
Honey Bee,Blake Shelton,contemporary country,2011,206,-5,211,69,2011,Solo
Holocene,Bon Iver,eau claire indie,2011,148,-15,337,70,2011,Band/Group
I Wanna Go,Britney Spears,dance pop,2011,130,-7,210,71,2011,Solo
Till the World Ends,Britney Spears,dance pop,2011,132,-6,238,71,2011,Solo
Grenade,Bruno Mars,dance pop,2010,110,-7,222,82,2011,Solo
Marry You,Bruno Mars,dance pop,2010,145,-5,230,79,2011,Solo
The Lazy Song,Bruno Mars,dance pop,2010,175,-5,189,77,2011,Solo
Bounce (feat. Kelis) - Radio Edit,Calvin Harris,dance pop,2012,128,-2,222,67,2011,Solo
Blind Faith,Chase & Status,dancefloor dnb,2011,140,-5,234,66,2011,Duo
Champion (feat. Chris Brown),Chip,grime,2011,190,-3,237,54,2011,Solo
Look At Me Now (feat. Lil' Wayne & Busta Rhymes),Chris Brown,dance pop,2011,146,-6,223,77,2011,Solo
Yeah 3x,Chris Brown,dance pop,2011,130,-3,242,74,2011,Solo
Beautiful People,Chris Brown,dance pop,2019,128,-6,226,59,2011,Solo
Jar of Hearts,Christina Perri,dance pop,2011,75,-6,247,77,2011,Solo
You Make Me Feel... (feat. Sabi),Cobra Starship,dance pop,2011,132,-3,216,75,2011,Band/Group
Paradise,Coldplay,permanent wave,2011,140,-7,279,88,2011,Band/Group
Every Teardrop Is a Waterfall,Coldplay,permanent wave,2011,118,-7,241,75,2011,Band/Group
Where Them Girls At (feat. Nicki Minaj & Flo Rida),David Guetta,big room,2011,130,-3,210,69,2011,Solo
Who's That Chick? (feat. Rihanna),David Guetta,big room,2010,128,-5,201,66,2011,Solo
Coming Home,Diddy - Dirty Money,hip pop,2010,168,-2,239,74,2011,Duo
Louder,DJ Fresh,dancefloor dnb,2012,140,-1,207,40,2011,Solo
I'm On One,DJ Khaled,dance pop,2011,149,-3,296,75,2011,Solo
I Need A Doctor,Dr. Dre,g funk,2011,156,-5,284,77,2011,Solo
Headlines,Drake,canadian hip hop,2011,152,-7,236,80,2011,Solo
The A Team,Ed Sheeran,pop,2011,85,-10,258,80,2011,Solo
Lego House,Ed Sheeran,pop,2011,160,-8,185,77,2011,Solo
Stereo Love - Radio Edit,Edward Maya,romanian house,2010,127,-4,185,71,2011,Solo
Tonight (I'm Fuckin' You),Enrique Iglesias,dance pop,2010,126,-5,232,65,2011,Solo
Springsteen,Eric Church,contemporary country,2011,104,-6,263,77,2011,Solo
Changed the Way You Kiss Me - Radio Edit,Example,dance pop,2011,127,-4,195,69,2011,Solo
Rocketeer,Far East Movement,asian american hip hop,2010,96,-6,211,73,2011,Band/Group
Shake It Out,Florence + The Machine,baroque pop,2011,107,-4,278,68,2011,Band/Group
Pumped Up Kicks,Foster The People,indietronica,2011,128,-6,240,88,2011,Band/Group
Tongue Tied,Grouplove,indie pop,2011,113,-6,218,84,2011,Band/Group
Stereo Hearts (feat. Adam Levine),Gym Class Heroes,dance pop,2011,90,-3,211,87,2011,Band/Group
Tonight Tonight,Hot Chelle Rae,dance pop,2011,100,-5,200,79,2011,Band/Group
Dirt Road Anthem,Jason Aldean,contemporary country,2010,127,-5,229,77,2011,Solo
It Girl,Jason Derulo,dance pop,2011,92,-5,192,76,2011,Solo
Don't Wanna Go Home,Jason Derulo,dance pop,2011,122,-5,206,68,2011,Solo
On The Floor,Jennifer Lopez,dance pop,2011,130,-5,285,84,2011,Solo
Down On Me,Jeremih,chicago rap,2010,160,-8,228,77,2011,Solo
Do It Like A Dude,Jessie J,dance pop,2011,140,-4,195,53,2011,Solo
All Of The Lights,Kanye West,chicago rap,2010,142,-3,300,82,2011,Solo
Last Friday Night (T.G.I.F.),Katy Perry,dance pop,2012,126,-4,231,80,2011,Solo
Firework,Katy Perry,dance pop,2010,124,-5,228,72,2011,Solo
E.T.,Katy Perry,dance pop,2012,152,-5,230,71,2011,Solo
Motivation,Kelly Rowland,atl hip hop,2011,141,-6,231,70,2011,Solo
Pretty Girl Rock,Keri Hilson,dance pop,2010,160,-5,244,72,2011,Solo
We R Who We R,Kesha,dance pop,2010,120,-5,205,77,2011,Solo
Blow,Kesha,dance pop,2010,120,-4,220,75,2011,Solo
Earthquake (feat. Tinie Tempah),Labrinth,indie poptimism,2012,153,-4,275,68,2011,Solo
Just A Kiss,Lady A,contemporary country,2011,143,-6,219,69,2011,Band/Group
Born This Way,Lady Gaga,art pop,2011,124,-5,260,73,2011,Solo
The Edge Of Glory,Lady Gaga,art pop,2011,128,-7,321,68,2011,Solo
6 Foot 7 Foot,Lil Wayne,hip hop,2011,79,-5,249,77,2011,Solo
How To Love,Lil Wayne,hip hop,2011,154,-6,240,72,2011,Solo
Party Rock Anthem,LMFAO,dance pop,2011,130,-4,262,74,2011,Duo
Sexy And I Know It,LMFAO,dance pop,2011,130,-4,199,68,2011,Duo
The Show Goes On,Lupe Fiasco,chicago rap,2011,143,-4,240,76,2011,Solo
I Follow Rivers - The Magician Remix,Lykke Li,art pop,2021,122,-6,280,67,2011,Solo
Midnight City,M83,french shoegaze,2011,105,-7,241,76,2011,Duo
Donald Trump,Mac Miller,hip hop,2011,163,-7,166,67,2011,Solo
Buzzin Remix,Mann,pop rap,2011,104,-4,224,53,2011,Solo
Sure Thing,Miguel,dance pop,2010,81,-8,195,84,2011,Solo
When We Stand Together,Nickelback,alternative metal,2011,188,-4,191,71,2011,Band/Group
Super Bass,Nicki Minaj,dance pop,2010,127,-4,200,83,2011,Solo
L.I.F.E.G.O.E.S.O.N.,Noah And The Whale,indie folk,2011,82,-6,228,63,2011,Band/Group
Heart Skips a Beat (feat. Rizzle Kicks),Olly Murs,dance pop,2011,111,-4,202,66,2011,Solo
Good Life,OneRepublic,dance pop,2009,95,-8,253,78,2011,Band/Group
Raise Your Glass,P!nk,dance pop,2010,122,-5,203,81,2011,Solo
Hey Baby (Drop It to the Floor) (feat. T-Pain),Pitbull,dance pop,2011,128,-3,234,76,2011,Solo
Read All About It,Professor Green,grime,2021,101,-6,236,35,2011,Solo
The Adventures of Rain Dance Maggie,Red Hot Chili Peppers,alternative rock,2011,106,-5,282,71,2011,Band/Group
S&M,Rihanna,barbadian pop,2010,128,-5,244,82,2011,Solo
We Found Love,Rihanna,barbadian pop,2011,128,-4,215,80,2011,Solo
What's My Name?,Rihanna,barbadian pop,2010,100,-3,263,75,2011,Solo
Down With The Trumpets,Rizzle Kicks,uk hip hop,2011,115,-5,187,65,2011,Duo
Loca People - Radio Edit,Sak Noel,electro house,2011,128,-3,216,45,2011,Solo
Love You Like A Love Song,Selena Gomez & The Scene,dance pop,2011,117,-4,188,85,2011,Band/Group
Who Says,Selena Gomez & The Scene,dance pop,2011,101,-3,196,81,2011,Band/Group
Sweat - Remix,Snoop Dogg,g funk,2011,130,-6,196,73,2011,Solo
Save The World,Swedish House Mafia,dance pop,2011,127,-8,213,70,2011,Band/Group
Higher,Taio Cruz,dance pop,2011,128,-5,188,51,2011,Solo
If I Die Young,The Band Perry,contemporary country,2010,131,-7,223,74,2011,Band/Group
Glad You Came,The Wanted,boy band,2011,127,-4,198,83,2011,Band/Group
More - RedOne Jimmy Joker Remix,Usher,atl hip hop,2010,125,-3,220,72,2011,Solo
No Hands (feat. Roscoe Dash & Wale),Waka Flocka Flame,atl hip hop,2010,131,-6,264,81,2011,Solo
Black and Yellow,Wiz Khalifa,dance pop,2011,164,-5,218,80,2011,Solo
Roll Up,Wiz Khalifa,dance pop,2011,125,-5,228,68,2011,Solo
Skyfall,Adele,british soul,2012,76,-7,286,80,2012,Solo
Rumour Has It,Adele,british soul,2011,120,-5,223,72,2012,Solo
Years,Alesso,dance pop,2013,128,-6,195,53,2012,Solo
Too Close,Alex Clare,modern alternative rock,2011,126,-4,257,67,2012,Solo
Breezeblocks,alt-J,indie rock,2012,150,-7,227,77,2012,Band/Group
R U Mine?,Arctic Monkeys,garage rock,2012,97,-5,200,39,2012,Band/Group
One Day / Reckoning Song (Wankelmut Remix) - Radio Edit,Asaf Avidan,israeli pop,2012,119,-6,215,72,2012,Solo
Levels - Radio Edit,Avicii,dance pop,2011,126,-6,200,82,2012,Solo
Silhouettes - Original Radio Edit,Avicii,dance pop,2012,128,-6,212,68,2012,Solo
212,Azealia Banks,dance pop,2014,126,-6,205,73,2012,Solo
So Good,B.o.B,atl hip hop,2012,86,-5,213,70,2012,Solo
Locked out of Heaven,Bruno Mars,dance pop,2012,144,-4,233,91,2012,Solo
It Will Rain,Bruno Mars,dance pop,2011,150,-7,258,74,2012,Solo
Feel So Close - Radio Edit,Calvin Harris,dance pop,2012,128,-3,206,85,2012,Solo
Let's Go (feat. Ne-Yo),Calvin Harris,dance pop,2012,128,-3,233,71,2012,Solo
We'll Be Coming Back (feat. Example),Calvin Harris,dance pop,2012,128,-4,234,68,2012,Solo
Call Me Maybe,Carly Rae Jepsen,canadian pop,2012,120,-7,193,76,2012,Solo
Blown Away,Carrie Underwood,contemporary country,2012,137,-3,240,68,2012,Solo
Want U Back,Cher Lloyd,dance pop,2012,98,-3,215,71,2012,Solo
Turn Up the Music,Chris Brown,dance pop,2012,130,-6,228,69,2012,Solo
Paradise,Coldplay,permanent wave,2011,140,-7,279,88,2012,Band/Group
Princess of China,Coldplay,permanent wave,2011,85,-6,239,72,2012,Band/Group
Turn Me On (feat. Nicki Minaj),David Guetta,big room,2011,128,-2,200,64,2012,Solo
In The Dark,DEV,dance pop,2012,125,-4,226,62,2012,Solo
Latch,Disclosure,edm,2013,122,-5,256,75,2012,Duo
Hot Right Now - Edit,DJ Fresh,dancefloor dnb,2010,175,-2,179,41,2012,Solo
Take Care,Drake,canadian hip hop,2011,122,-10,277,81,2012,Solo
The Motto,Drake,canadian hip hop,2011,202,-9,182,79,2012,Solo
Lights - Single Version,Ellie Goulding,dance pop,2010,120,-6,211,68,2012,Solo
Good Feeling,Flo Rida,dance pop,2012,128,-4,248,81,2012,Solo
Spectrum (Say My Name) - Calvin Harris Remix,Florence + The Machine,baroque pop,2012,126,-4,218,59,2012,Band/Group
Lost,Frank Ocean,alternative r&b,2012,123,-5,234,91,2012,Solo
Thinkin Bout You,Frank Ocean,alternative r&b,2012,130,-11,201,81,2012,Solo
We Are Young (feat. Janelle Monáe),fun.,baroque pop,2012,184,-6,251,79,2012,Band/Group
Some Nights,fun.,baroque pop,2012,108,-7,277,76,2012,Band/Group
Somebody That I Used To Know,Gotye,australian pop,2011,129,-7,245,81,2012,Solo
Oblivion,Grimes,art pop,2012,156,-9,251,71,2012,Solo
Ass Back Home (feat. Neon Hitch),Gym Class Heroes,dance pop,2011,130,-4,222,67,2012,Band/Group
I Love It (feat. Charli XCX),Icona Pop,candy pop,2013,126,-3,157,74,2012,Duo
It's Time,Imagine Dragons,modern rock,2012,105,-5,238,72,2012,Band/Group
On Top Of The World,Imagine Dragons,modern rock,2012,100,-6,190,72,2012,Band/Group
Ni**as In Paris,JAY-Z,east coast hip hop,2011,140,-6,219,88,2012,Solo
Boyfriend,Justin Bieber,canadian pop,2012,97,-6,171,68,2012,Solo
Mercy,Kanye West,chicago rap,2012,140,-9,329,79,2012,Solo
Brokenhearted,Karmin,dance pop,2012,120,-3,227,70,2012,Duo
The One That Got Away,Katy Perry,dance pop,2012,134,-4,227,78,2012,Solo
Part Of Me,Katy Perry,dance pop,2012,130,-5,216,78,2012,Solo
Swimming Pools (Drank) - Extended Version,Kendrick Lamar,conscious hip hop,2012,74,-8,314,76,2012,Solo
m.A.A.d city,Kendrick Lamar,conscious hip hop,2012,91,-7,350,73,2012,Solo
Die Young,Kesha,dance pop,2012,128,-5,212,83,2012,Solo
C'Mon,Kesha,dance pop,2012,126,-5,214,67,2012,Solo
Ride,Lana Del Rey,art pop,2012,94,-6,289,64,2012,Solo
Video Games,Lana Del Rey,art pop,2012,122,-10,282,63,2012,Solo
Born To Die,Lana Del Rey,art pop,2012,86,-7,286,62,2012,Solo
BURN IT DOWN,Linkin Park,alternative metal,2012,110,-4,230,79,2012,Band/Group
Sexy And I Know It,LMFAO,dance pop,2011,130,-4,199,68,2012,Duo
Battle Scars (with Guy Sebastian),Lupe Fiasco,chicago rap,2012,168,-5,250,74,2012,Solo
Primadonna,MARINA,art pop,2012,128,-3,221,84,2012,Solo
How to Be a Heartbreaker,MARINA,art pop,2012,140,-5,221,77,2012,Solo
One More Night,Maroon 5,pop,2012,93,-3,219,74,2012,Band/Group
Payphone,Maroon 5,pop,2012,110,-5,231,69,2012,Band/Group
Adorn,Miguel,dance pop,2012,179,-6,193,72,2012,Solo
Madness,Muse,modern rock,2012,180,-8,281,72,2012,Band/Group
Everybody Talks,Neon Trees,modern alternative rock,2012,155,-4,177,85,2012,Band/Group
Starships,Nicki Minaj,dance pop,2011,125,-2,211,78,2012,Solo
Pound The Alarm,Nicki Minaj,dance pop,2012,125,-4,206,69,2012,Solo
Dirty Paws,Of Monsters and Men,folk-pop,2012,112,-7,278,74,2012,Band/Group
Troublemaker (feat. Flo Rida),Olly Murs,dance pop,2012,106,-4,186,80,2012,Solo
What Makes You Beautiful,One Direction,boy band,2012,125,-2,200,88,2012,Band/Group
Live While We're Young,One Direction,boy band,2012,126,-2,200,79,2012,Band/Group
Million Voices - Radio Edit,Otto Knows,edm,2012,126,-6,193,75,2012,Solo
Good Time,Owl City,indietronica,2012,126,-4,206,82,2012,Band/Group
Blow Me (One Last Kiss),P!nk,dance pop,2012,114,-3,256,71,2012,Solo
Take a Walk,Passion Pit,alternative dance,2012,101,-6,264,74,2012,Band/Group
Home,Phillip Phillips,folk-pop,2013,121,-6,210,73,2012,Solo
Gangnam Style (강남스타일),PSY,k-pop,2012,132,-3,219,77,2012,Solo
We Found Love,Rihanna,barbadian pop,2011,128,-4,215,80,2012,Solo
Where Have You Been,Rihanna,barbadian pop,2011,128,-6,243,76,2012,Solo
R.I.P. (feat. Tinie Tempah),Rita Ora,dance pop,2012,72,-3,228,52,2012,Solo
Mama Do The Hump,Rizzle Kicks,uk hip hop,2011,98,-4,216,61,2012,Duo
Candy,Robbie Williams,dance pop,2012,116,-7,201,73,2012,Solo
Feel the Love (feat. John Newman),Rudimental,dance pop,2013,180,-7,245,52,2012,Band/Group
Hands on the Wheel (feat. Asap Rocky),ScHoolboy Q,gangster rap,2012,128,-7,197,67,2012,Solo
Bangarang (feat. Sirah),Skrillex,brostep,2011,110,-2,215,75,2012,Solo
Don't You Worry Child - Radio Edit,Swedish House Mafia,dance pop,2012,129,-3,213,81,2012,Band/Group
I Knew You Were Trouble.,Taylor Swift,pop,2012,77,-7,220,82,2012,Solo
We Are Never Ever Getting Back Together,Taylor Swift,pop,2012,86,-6,193,80,2012,Solo
Ho Hey,The Lumineers,folk-pop,2012,80,-9,163,77,2012,Band/Group
Chasing The Sun,The Wanted,boy band,2012,128,-6,199,74,2012,Band/Group
Angels,The xx,downtempo,2012,92,-18,172,68,2012,Band/Group
Drive By,Train,dance pop,2012,122,-3,196,82,2012,Band/Group
50 Ways to Say Goodbye,Train,dance pop,2012,140,-3,248,73,2012,Band/Group
Heart Attack,Trey Songz,dance pop,2012,150,-5,233,61,2012,Solo
Rack City,Tyga,dance pop,2012,99,-11,203,67,2012,Solo
Faded,Tyga,dance pop,2012,95,-8,207,63,2012,Solo
Climax,Usher,atl hip hop,2012,136,-9,233,65,2012,Solo
Anna Sun,WALK THE MOON,dance pop,2012,140,-7,321,68,2012,Band/Group
We Own It (Fast & Furious),2 Chainz,atl hip hop,2013,172,-5,228,75,2013,Solo
Why'd You Only Call Me When You're High?,Arctic Monkeys,garage rock,2013,92,-6,161,90,2013,Band/Group
Do I Wanna Know?,Arctic Monkeys,garage rock,2013,85,-8,272,89,2013,Band/Group
The Way,Ariana Grande,dance pop,2013,82,-3,227,71,2013,Solo
Wake Me Up,Avicii,dance pop,2013,124,-6,247,89,2013,Solo
I Could Be The One (Avicii Vs. Nicky Romero) - Radio Edit,Avicii,dance pop,2012,128,-4,208,73,2013,Solo
Here's to Never Growing Up,Avril Lavigne,canadian pop,2013,165,-3,214,75,2013,Solo
Sail,AWOLNATION,la indie,2011,119,-10,259,80,2013,Band/Group
Harlem Shake,Baauer,bass trap,2013,138,-5,197,63,2013,Solo
Pompeii,Bastille,metropopolis,2013,127,-6,214,80,2013,Band/Group
Of The Night,Bastille,metropopolis,2013,125,-7,214,66,2013,Band/Group
Get Up (Rattle),Bingo Players,big room,2013,128,-3,167,61,2013,Duo
Sure Be Cool If You Did,Blake Shelton,contemporary country,2013,137,-5,216,61,2013,Solo
Ready or Not,Bridgit Mendler,dance pop,2012,93,-4,201,77,2013,Solo
Work Bitch,Britney Spears,dance pop,2013,128,-7,248,76,2013,Solo
Locked out of Heaven,Bruno Mars,dance pop,2012,144,-4,233,91,2013,Solo
When I Was Your Man,Bruno Mars,dance pop,2012,73,-9,214,89,2013,Solo
Treasure,Bruno Mars,dance pop,2012,116,-5,179,83,2013,Solo
Sweet Nothing (feat. Florence Welch),Calvin Harris,dance pop,2012,128,-4,213,76,2013,Solo
I Need Your Love (feat. Ellie Goulding),Calvin Harris,dance pop,2012,125,-5,235,75,2013,Solo
Thinking About You (feat. Ayah Marar),Calvin Harris,dance pop,2012,128,-4,248,71,2013,Solo
Drinking from the Bottle (feat. Tinie Tempah),Calvin Harris,dance pop,2012,128,-4,240,67,2013,Solo
Safe And Sound,Capital Cities,metropopolis,2013,118,-5,193,87,2013,Duo
3005,Childish Gambino,atl hip hop,2013,166,-7,234,83,2013,Solo
Fine China,Chris Brown,dance pop,2014,104,-5,213,66,2013,Solo
The Mother We Share,CHVRCHES,electropop,2013,174,-6,191,61,2013,Band/Group
Body Party,Ciara,dance pop,2013,134,-6,234,70,2013,Solo
Get Lucky (feat. Pharrell Williams & Nile Rodgers) - Radio Edit,Daft Punk,electro,2013,116,-9,248,88,2013,Duo
Lose Yourself to Dance (feat. Pharrell Williams),Daft Punk,electro,2013,100,-8,354,74,2013,Duo
Play Hard (feat. Ne-Yo & Akon),David Guetta,big room,2011,130,-2,201,65,2013,Solo
Heart Attack,Demi Lovato,dance pop,2013,174,-5,211,85,2013,Solo
White Noise,Disclosure,edm,2013,120,-6,278,54,2013,Duo
Started From the Bottom,Drake,canadian hip hop,2013,86,-8,174,71,2013,Solo
Need U (100%) (feat. A*M*E) - Radio Edit,Duke Dumont,destroy techno,2013,124,-5,174,65,2013,Solo
The Monster,Eminem,detroit hip hop,2013,110,-4,250,81,2013,Solo
Berzerk,Eminem,detroit hip hop,2013,95,-4,239,72,2013,Solo
My Songs Know What You Did In The Dark (Light Em Up),Fall Out Boy,emo,2013,152,-4,187,77,2013,Band/Group
I Cry,Flo Rida,dance pop,2012,126,-5,224,69,2013,Solo
Cruise,Florida Georgia Line,contemporary country,2012,148,-3,209,63,2013,Duo
I Love It (feat. Charli XCX),Icona Pop,candy pop,2013,126,-3,157,74,2013,Duo
Demons,Imagine Dragons,modern rock,2012,90,-3,175,78,2013,Band/Group
Radioactive,Imagine Dragons,modern rock,2012,136,-4,187,77,2013,Band/Group
Power Trip (feat. Miguel),J. Cole,conscious hip hop,2013,100,-7,241,81,2013,Solo
Talk Dirty (feat. 2 Chainz),Jason Derulo,dance pop,2013,100,-7,178,71,2013,Solo
The Other Side,Jason Derulo,dance pop,2013,128,-4,227,66,2013,Solo
Holy Grail,JAY-Z,east coast hip hop,2013,145,-7,338,68,2013,Solo
Love Me Again,John Newman,dance pop,2013,126,-5,240,69,2013,Solo
Beauty And A Beat,Justin Bieber,canadian pop,2012,128,-5,228,78,2013,Solo
Mirrors,Justin Timberlake,dance pop,2013,77,-7,484,83,2013,Solo
Suit & Tie (feat. Jay-Z),Justin Timberlake,dance pop,2013,102,-4,326,72,2013,Solo
Black Skinhead,Kanye West,chicago rap,2013,130,-6,188,80,2013,Solo
This Is How We Do,Katy Perry,dance pop,2013,96,-6,204,66,2013,Solo
Sonnentanz - Sun Don't Shine,Klangkarussell,austrian pop,2013,120,-8,236,56,2013,Duo
All I Want,Kodaline,irish pop,2013,187,-10,306,86,2013,Band/Group
High Hopes,Kodaline,irish pop,2013,77,-6,230,73,2013,Band/Group
Summertime Sadness (Lana Del Rey Vs. Cedric Gervais) - Cedric Gervais Remix,Lana Del Rey,art pop,2013,126,-6,215,78,2013,Solo
Love Me,Lil Wayne,hip hop,2013,125,-6,255,73,2013,Solo
Somewhere Only We Know,Lily Allen,dance pop,2014,81,-11,209,56,2013,Solo
Royals,Lorde,art pop,2013,85,-10,190,83,2013,Solo
Team,Lorde,art pop,2013,100,-7,193,82,2013,Solo
Can't Hold Us (feat. Ray Dalton),Macklemore & Ryan Lewis,dance pop,2012,146,-4,258,87,2013,Duo
Thrift Shop (feat. Wanz),Macklemore & Ryan Lewis,dance pop,2012,95,-7,236,79,2013,Duo
Same Love (feat. Mary Lambert),Macklemore & Ryan Lewis,dance pop,2012,85,-9,319,69,2013,Duo
Daylight,Maroon 5,pop,2012,120,-6,225,66,2013,Band/Group
Animals - Radio Edit,Martin Garrix,dance pop,2016,128,-5,176,64,2013,Solo
It's a Beautiful Day,Michael Bublé,adult standards,2013,144,-4,199,71,2013,Solo
We Can't Stop,Miley Cyrus,dance pop,2013,80,-6,231,83,2013,Solo
I Will Wait,Mumford & Sons,modern folk rock,2012,131,-5,277,73,2013,Band/Group
La La La,Naughty Boy,tropical house,2013,125,-4,221,63,2013,Solo
Hey Porsche,Nelly,dance pop,2013,116,-5,209,49,2013,Solo
Little Talks,Of Monsters and Men,folk-pop,2012,103,-5,267,85,2013,Band/Group
Best Song Ever,One Direction,boy band,2013,118,-3,200,81,2013,Band/Group
One Way or Another (Teenage Kicks),One Direction,boy band,2013,162,-3,157,71,2013,Band/Group
True Love (feat. Lily Allen),P!nk,dance pop,2012,192,-5,231,76,2013,Solo
Still into You,Paramore,candy pop,2013,136,-4,216,85,2013,Band/Group
Ain't It Fun,Paramore,candy pop,2013,104,-4,297,78,2013,Band/Group
Home,Phillip Phillips,folk-pop,2013,121,-6,210,73,2013,Solo
Feel This Moment (feat. Christina Aguilera),Pitbull,dance pop,2012,136,-4,230,82,2013,Solo
Don't Stop the Party (feat. TJR),Pitbull,dance pop,2012,127,-4,206,69,2013,Solo
Blurred Lines,Robin Thicke,contemporary r&b,2013,120,-8,263,61,2013,Solo
Waiting All Night (feat. Ella Eyre),Rudimental,dance pop,2013,175,-5,293,50,2013,Solo
Reload - Radio Edit,Sebastian Ingrosso,dance pop,2013,128,-5,221,73,2013,Solo
Come & Get It,Selena Gomez,dance pop,2013,80,-4,232,75,2013,Solo
Look Right Through - MK Vocal Edit,Storm Queen,deep disco house,2013,120,-8,148,44,2013,Solo
Papaoutai,Stromae,belgian pop,2013,116,-7,232,60,2013,Solo
I Knew You Were Trouble.,Taylor Swift,pop,2012,77,-7,220,82,2013,Solo
22,Taylor Swift,pop,2012,104,-7,232,74,2013,Solo
Everything Has Changed,Taylor Swift,pop,2012,80,-7,245,71,2013,Solo
Chocolate,The 1975,modern alternative rock,2013,100,-4,225,66,2013,Band/Group
Ho Hey,The Lumineers,folk-pop,2012,80,-9,163,77,2013,Band/Group
Sweater Weather,The Neighbourhood,modern alternative rock,2013,124,-3,240,95,2013,Band/Group
What About Us,The Saturdays,bubblegum dance,2013,124,-5,221,67,2013,Band/Group
Another Love,Tom Odell,chill pop,2013,123,-9,244,94,2013,Solo
Bad (feat. Rihanna) - Remix,Wale,gangster rap,2013,114,-7,239,67,2013,Solo
Scream & Shout,will.i.am,dance pop,2013,130,-7,283,83,2013,Solo
#thatPOWER,will.i.am,dance pop,2013,128,-6,280,74,2013,Solo
The Fox (What Does the Fox Say?),Ylvis,comic,2013,128,-4,214,68,2013,Duo
Clarity,Zedd,complextro,2012,128,-3,271,80,2013,Solo
She Looks So Perfect,5 Seconds of Summer,boy band,2014,160,-4,202,78,2014,Band/Group
Amnesia,5 Seconds of Summer,boy band,2014,102,-5,237,71,2014,Band/Group
Heroes (we could be),Alesso,dance pop,2014,126,-4,210,58,2014,Solo
The Man,Aloe Blacc,pop soul,2014,82,-7,255,63,2014,Solo
Best Day Of My Life,American Authors,indie poptimism,2014,100,-2,194,83,2014,Band/Group
Love Me Harder,Ariana Grande,dance pop,2014,99,-4,236,80,2014,Solo
Problem,Ariana Grande,dance pop,2014,103,-5,194,78,2014,Solo
Break Free,Ariana Grande,dance pop,2014,130,-5,215,80,2014,Solo
Hey Brother,Avicii,dance pop,2013,125,-5,255,82,2014,Solo
Shower,Becky G,dance pop,2014,120,-8,206,83,2014,Solo
Drunk in Love (feat. Jay-Z),Beyoncé,dance pop,2014,140,-7,323,75,2014,Solo
Hot N*gga,Bobby Shmurda,nyc rap,2014,168,-7,195,78,2014,Solo
Summer,Calvin Harris,dance pop,2014,128,-4,223,86,2014,Solo
Blame (feat. John Newman),Calvin Harris,dance pop,2014,128,-4,213,81,2014,Solo
Under Control (feat. Hurts),Calvin Harris,dance pop,2014,126,-3,184,77,2014,Solo
Boom Clap,Charli XCX,art pop,2014,92,-2,170,54,2014,Solo
Loyal (feat. Lil Wayne & Tyga),Chris Brown,dance pop,2014,99,-6,265,78,2014,Solo
New Flame (feat. Usher & Rick Ross),Chris Brown,dance pop,2014,142,-4,244,73,2014,Solo
Rather Be (feat. Jess Glynne),Clean Bandit,dance pop,2014,121,-7,228,77,2014,Band/Group
First,Cold War Kids,alternative rock,2014,78,-4,200,71,2014,Band/Group
Magic,Coldplay,permanent wave,2014,93,-9,285,78,2014,Band/Group
A Sky Full of Stars,Coldplay,permanent wave,2014,125,-6,268,85,2014,Band/Group
Bad (feat. Vassy) - Radio Edit,David Guetta,big room,2014,128,-4,171,56,2014,Solo
Lovers on the Sun (feat. Sam Martin),David Guetta,big room,2014,125,-3,204,53,2014,Solo
Latch,Disclosure,edm,2013,122,-5,256,75,2014,Duo
Turn Down for What,DJ Snake,dance pop,2013,100,-4,214,76,2014,Solo
You Know You Like It,DJ Snake,dance pop,2014,196,-5,247,75,2014,Solo
I Got U,Duke Dumont,destroy techno,2014,121,-8,286,65,2014,Solo
Cool Kids,Echosmith,dance pop,2013,130,-6,238,76,2014,Band/Group
Don't,Ed Sheeran,pop,2014,95,-7,220,78,2014,Solo
Sing,Ed Sheeran,pop,2014,120,-4,235,75,2014,Solo
Ugly Heart,G.R.L.,dance pop,2014,125,-5,198,70,2014,Band/Group
Budapest,George Ezra,folk-pop,2014,128,-8,201,83,2014,Solo
Blame It on Me,George Ezra,folk-pop,2014,104,-3,196,73,2014,Solo
Ready For Your Love,Gorgon City,deep groove house,2014,122,-7,199,51,2014,Duo
Fancy,Iggy Azalea,australian hip hop,2014,95,-4,200,74,2014,Solo
Black Widow,Iggy Azalea,australian hip hop,2014,164,-4,209,71,2014,Solo
Talk Dirty (feat. 2 Chainz),Jason Derulo,dance pop,2013,100,-7,178,71,2014,Solo
Wiggle (feat. Snoop Dogg),Jason Derulo,dance pop,2013,82,-7,193,63,2014,Solo
Trumpets,Jason Derulo,dance pop,2013,82,-5,217,69,2014,Solo
Don't Tell 'Em,Jeremih,chicago rap,2015,98,-5,267,80,2014,Solo
Bang Bang,Jessie J,dance pop,2014,150,-3,199,83,2014,Solo
All of Me,John Legend,neo soul,2013,120,-7,270,90,2014,Solo
Not a Bad Thing,Justin Timberlake,dance pop,2013,86,-9,688,61,2014,Solo
Dark Horse,Katy Perry,dance pop,2013,132,-6,216,79,2014,Solo
Show Me (feat. Chris Brown),Kid Ink,dance pop,2014,98,-7,218,74,2014,Solo
Hideaway,Kiesza,electropop,2014,123,-4,252,70,2014,Solo
Jubel - Radio Edit,Klingande,deep house,2013,125,-7,202,55,2014,Duo
Jealous,Labrinth,indie poptimism,2014,117,-9,288,82,2014,Solo
Prayer in C - Robin Schulz Radio Edit,Lilly Wood and The Prick,french indie pop,2014,123,-6,189,77,2014,Duo
Team,Lorde,art pop,2013,100,-7,193,82,2014,Solo
Rude,MAGIC!,reggae fusion,2014,144,-5,225,85,2014,Band/Group
Maps,Maroon 5,pop,2014,120,-6,190,87,2014,Band/Group
Animals,Maroon 5,pop,2014,190,-6,231,85,2014,Band/Group
Sugar,Maroon 5,pop,2014,120,-7,235,85,2014,Band/Group
All About That Bass,Meghan Trainor,dance pop,2015,134,-4,188,78,2014,Solo
Stolen Dance,Milky Chance,german pop,2014,114,-9,314,78,2014,Band/Group
Classic,MKTO,dance pop,2012,102,-5,175,87,2014,Duo
Waves - Robin Schulz Radio Edit,Mr. Probz,dutch hip hop,2014,120,-9,208,82,2014,Solo
Somebody,Natalie La Rose,chicago rap,2014,105,-9,190,71,2014,Solo
Jealous - Remix,Nick Jonas,dance pop,2015,93,-4,222,71,2014,Solo
Anaconda,Nicki Minaj,dance pop,2014,130,-6,260,70,2014,Solo
Am I Wrong,Nico & Vinz,pop rap,2014,120,-6,246,82,2014,Duo
CoCo,O.T. Genasis,pop rap,2014,120,-6,240,66,2014,Solo
Gecko (Overdrive) - Radio Edit,Oliver Heldens,dance pop,2014,125,-5,165,73,2014,Solo
Wrapped Up,Olly Murs,dance pop,2014,122,-5,186,68,2014,Solo
Post to Be (feat. Chris Brown & Jhene Aiko),Omarion,dance pop,2014,97,-6,227,60,2014,Solo
Night Changes,One Direction,boy band,2014,120,-8,227,88,2014,Band/Group
Steal My Girl,One Direction,boy band,2014,77,-6,228,84,2014,Band/Group
Counting Stars,OneRepublic,dance pop,2014,122,-5,258,80,2014,Band/Group
Love Runs Out,OneRepublic,dance pop,2014,120,-4,224,65,2014,Band/Group
Only Love Can Hurt Like This,Paloma Faith,british soul,2014,91,-5,233,85,2014,Solo
Ain't It Fun,Paramore,candy pop,2013,104,-4,297,78,2014,Band/Group
High (feat. Nicole Millar),Peking Duk,aussietronica,2014,100,-4,228,54,2014,Band/Group
Timber (feat. Ke$ha),Pitbull,dance pop,2012,130,-4,204,86,2014,Solo
Me And My Broken Heart,Rixton,pop,2014,174,-4,194,83,2014,Duo
My Love (feat. Jess Glynne),Route 94,deep groove house,2014,120,-8,260,78,2014,Solo
Stay With Me,Sam Smith,dance pop,2014,84,-6,173,86,2014,Solo
Money On My Mind,Sam Smith,dance pop,2014,134,-5,193,67,2014,Solo
Collard Greens,ScHoolboy Q,gangster rap,2014,154,-5,300,84,2014,Solo
Man Of The Year,ScHoolboy Q,gangster rap,2014,112,-5,216,76,2014,Solo
Geronimo,Sheppard,australian indie,2015,142,-6,218,69,2014,Band/Group
Chandelier,Sia,australian dance,2015,117,-3,216,73,2014,Solo
Elastic Heart,Sia,australian dance,2015,130,-5,257,68,2014,Solo
Nobody To Love,Sigma,dance pop,2014,88,-3,190,55,2014,Solo
Style,Taylor Swift,pop,2014,95,-6,231,66,2014,Solo
Bad Blood,Taylor Swift,pop,2014,170,-6,212,60,2014,Solo
Shake It Off,Taylor Swift,pop,2014,160,-5,219,77,2014,Solo
#SELFIE,The Chainsmokers,dance pop,2014,128,-3,184,69,2014,Duo
Superheroes,The Script,celtic rock,2014,167,-4,245,79,2014,Band/Group
Wasted,Tiësto,big room,2014,112,-6,190,68,2014,Solo
Red Lights,Tiësto,big room,2014,125,-5,262,72,2014,Solo
2 On (feat. ScHoolboy Q),Tinashe,alternative r&b,2014,101,-8,227,77,2014,Solo
Habits (Stay High),Tove Lo,art pop,2014,110,-4,209,78,2014,Solo
Talking Body,Tove Lo,art pop,2014,120,-5,238,72,2014,Solo
Na Na,Trey Songz,dance pop,2015,97,-6,232,68,2014,Solo
Riptide,Vance Joy,folk-pop,2014,102,-7,204,83,2014,Solo
Stay The Night - Featuring Hayley Williams Of Paramore,Zedd,complextro,2012,128,-3,217,69,2014,Solo
Faded,ZHU,edm,2014,125,-7,223,66,2014,Solo
Ghost Town,Adam Lambert,dance pop,2015,120,-6,208,69,2015,Solo
Here,Alessia Cara,canadian contemporary r&b,2015,120,-4,199,71,2015,Solo
Love Me Harder,Ariana Grande,dance pop,2014,99,-4,236,79,2015,Solo
The Nights,Avicii,dance pop,2014,126,-5,177,89,2015,Solo
Waiting For Love,Avicii,dance pop,2015,128,-4,231,84,2015,Solo
 15909090909091/25000000000000,Beyoncé,dance pop,2014,136,-5,214,74,2015,Solo
I Don't Fuck With You,Big Sean,detroit hip hop,2015,98,-5,284,80,2015,Solo
Electric Love,BØRNS,modern rock,2015,120,-8,218,86,2015,Solo
Don't,Bryson Tiller,kentucky hip hop,2015,97,-6,198,83,2015,Solo
Outside (feat. Ellie Goulding),Calvin Harris,dance pop,2014,128,-4,227,82,2015,Solo
How Deep Is Your Love,Calvin Harris,dance pop,2015,122,-4,213,80,2015,Solo
Ayo,Chris Brown,dance pop,2015,98,-5,225,76,2015,Solo
Cool for the Summer,Demi Lovato,dance pop,2015,114,-6,215,78,2015,Solo
Confident,Demi Lovato,dance pop,2015,130,-6,206,69,2015,Solo
Five More Hours,Deorro,dance pop,2017,128,-3,212,74,2015,Solo
Omen - Radio Edit,Disclosure,edm,2015,106,-5,197,68,2015,Duo
You Know You Like It,DJ Snake,dance pop,2014,196,-5,247,74,2015,Solo
Hotline Bling,Drake,canadian hip hop,2016,135,-8,267,82,2015,Solo
Jumpman,Drake,canadian hip hop,2015,142,-7,206,76,2015,Solo
Thinking out Loud,Ed Sheeran,pop,2014,79,-6,282,86,2015,Solo
On My Mind,Ellie Goulding,dance pop,2015,155,-7,213,69,2015,Solo
Centuries,Fall Out Boy,emo,2015,176,-3,228,84,2015,Band/Group
679 (feat. Remy Boyz),Fetty Wap,new jersey rap,2015,190,-6,197,79,2015,Solo
Trap Queen,Fetty Wap,new jersey rap,2015,148,-4,222,78,2015,Solo
My Way (feat. Monty),Fetty Wap,new jersey rap,2015,128,-3,213,71,2015,Solo
My House,Flo Rida,dance pop,2015,94,-5,192,81,2015,Solo
GDFR (feat. Sage the Gemini & Lookas),Flo Rida,dance pop,2015,146,-4,190,75,2015,Solo
Mountain at My Gates,Foals,indie rock,2015,104,-5,244,69,2015,Band/Group
Runaway (U & I),Galantis,dance pop,2015,126,-4,227,79,2015,Duo
Barcelona,George Ezra,folk-pop,2014,94,-9,189,70,2015,Solo
Love Myself,Hailee Steinfeld,dance pop,2016,123,-7,219,75,2015,Solo
Take Me to Church,Hozier,irish singer-songwriter,2014,129,-5,242,80,2015,Solo
Where Are Ü Now (with Justin Bieber),Jack Ü,edm,2015,139,-4,250,78,2015,Duo
oui,Jeremih,chicago rap,2015,79,-4,238,82,2015,Solo
Classic Man (feat. Roman GianArthur),Jidenna,ghanaian hip hop,2015,94,-6,226,63,2015,Solo
What Do You Mean?,Justin Bieber,canadian pop,2015,125,-8,206,81,2015,Solo
Way down We Go,KALEO,icelandic indie,2016,163,-8,214,81,2015,Band/Group
King Kunta,Kendrick Lamar,conscious hip hop,2015,107,-5,235,79,2015,Solo
Stole the Show,Kygo,edm,2016,100,-8,223,78,2015,Solo
Nothing Left (feat. Will Heard),Kygo,edm,2015,154,-7,237,59,2015,Solo
High By The Beach,Lana Del Rey,art pop,2015,132,-11,258,71,2015,Solo
Hurt Me,Låpsley,electropop,2016,138,-5,231,55,2015,Solo
Closer,Lemaitre,alternative dance,2017,92,-4,271,64,2015,Duo
Lot to Learn,Luke Christopher,indie pop rap,2015,82,-4,248,66,2015,Solo
Lean On,Major Lazer,dance pop,2015,98,-3,177,76,2015,Trio
Light It Up - Remix,Major Lazer,dance pop,2015,108,-4,166,71,2015,Trio
Uptown Funk (feat. Bruno Mars),Mark Ronson,dance pop,2015,115,-7,270,86,2015,Solo
Intoxicated - Radio Edit,Martin Solveig,dance pop,2015,125,-4,160,62,2015,Solo
All Eyes on You (feat. Chris Brown & Nicki Minaj),Meek Mill,hip hop,2015,78,-5,224,73,2015,Solo
Believe,Mumford & Sons,modern folk rock,2015,114,-7,221,61,2015,Band/Group
Somebody,Natalie La Rose,chicago rap,2014,105,-9,190,69,2015,Solo
That's How You Know (feat. Kid Ink & Bebe Rexha),Nico & Vinz,pop rap,2015,104,-6,186,62,2015,Duo
Drive,Oh Wonder,electropop,2015,142,-8,196,65,2015,Duo
Post to Be (feat. Chris Brown & Jhene Aiko),Omarion,dance pop,2014,97,-6,227,76,2015,Solo
Drag Me Down,One Direction,boy band,2015,138,-6,192,84,2015,Band/Group
Perfect,One Direction,boy band,2015,100,-5,230,81,2015,Band/Group
Sunset Lover,Petit Biscuit,new french touch,2015,91,-9,238,75,2015,Solo
Wish You Were Mine - Radio Edit,Philip George,deep groove house,2014,123,-4,178,70,2015,Solo
Time of Our Lives,Pitbull,dance pop,2014,124,-6,229,85,2015,Solo
No Type,Rae Sremmurd,hip hop,2015,125,-8,200,77,2015,Duo
FourFiveSeconds,Rihanna,barbadian pop,2015,206,-6,188,82,2015,Solo
Bitch Better Have My Money,Rihanna,barbadian pop,2015,103,-5,219,78,2015,Solo
Chill Bill (feat. J. Davi$ & Spooks),Rob $tone,san diego rap,2016,108,-10,177,81,2015,Solo
Sugar (feat. Francesco Yates),Robin Schulz,dance pop,2015,123,-5,219,81,2015,Solo
Lay It All on Me (feat. Ed Sheeran),Rudimental,dance pop,2015,123,-7,242,55,2015,Band/Group
Like I Can,Sam Smith,dance pop,2014,100,-7,167,85,2015,Solo
You Don't Own Me (feat. G-Eazy),SAYGRACE,dance pop,2015,186,-6,199,60,2015,Solo
Same Old Love,Selena Gomez,dance pop,2015,98,-4,229,70,2015,Solo
Hands To Myself,Selena Gomez,dance pop,2015,111,-7,201,68,2015,Solo
Good For You,Selena Gomez,dance pop,2015,89,-6,222,62,2015,Solo
Geronimo,Sheppard,australian indie,2015,142,-6,218,68,2015,Band/Group
Easy Love,Sigala,dance pop,2018,124,-4,230,70,2015,Solo
All My Friends (feat. Tinashe & Chance the Rapper),Snakehips,edm,2015,95,-6,230,77,2015,Duo
The Less I Know The Better,Tame Impala,australian psych,2015,117,-4,216,88,2015,Band/Group
Blank Space,Taylor Swift,pop,2014,96,-5,232,79,2015,Solo
Wildest Dreams,Taylor Swift,pop,2014,140,-7,220,76,2015,Solo
Bad Blood,Taylor Swift,pop,2015,170,-7,200,75,2015,Solo
Style,Taylor Swift,pop,2014,95,-6,231,75,2015,Solo
Spirits,The Strumbellas,canadian indie,2016,81,-6,204,75,2015,Band/Group
The Hills,The Weeknd,canadian contemporary r&b,2015,113,-7,242,88,2015,Solo
Can't Feel My Face,The Weeknd,canadian contemporary r&b,2015,108,-6,214,83,2015,Solo
In The Night,The Weeknd,canadian contemporary r&b,2015,168,-5,236,76,2015,Solo
Die A Happy Man,Thomas Rhett,contemporary country,2015,166,-9,227,77,2015,Solo
Talking Body,Tove Lo,art pop,2014,120,-5,238,71,2015,Solo
Antidote,Travis Scott,hip hop,2015,131,-5,263,78,2015,Solo
Slow Motion,Trey Songz,dance pop,2015,95,-8,198,75,2015,Solo
Na Na,Trey Songz,dance pop,2015,97,-6,232,67,2015,Solo
YOUTH,Troye Sivan,australian pop,2015,92,-4,185,70,2015,Solo
Stressed Out,Twenty One Pilots,modern rock,2015,170,-6,202,88,2015,Duo
I Don't Mind (feat. Juicy J),Usher,atl hip hop,2014,113,-8,252,73,2015,Solo
Shut Up and Dance,WALK THE MOON,dance pop,2014,128,-4,199,86,2015,Band/Group
See You Again (feat. Charlie Puth),Wiz Khalifa,dance pop,2015,80,-8,230,85,2015,Solo
Renegades,X Ambassadors,modern alternative rock,2015,90,-6,195,80,2015,Band/Group
Unsteady,X Ambassadors,modern alternative rock,2015,117,-6,194,78,2015,Band/Group
King,Years & Years,dance pop,2015,120,-4,215,66,2015,Band/Group
I Want You To Know,Zedd,complextro,2015,130,-3,240,70,2015,Solo
When We Were Young,Adele,british soul,2015,144,-6,291,79,2016,Solo
Send My Love (To Your New Lover),Adele,british soul,2015,164,-8,223,77,2016,Solo
Hello,Adele,british soul,2015,79,-6,296,77,2016,Solo
Here,Alessia Cara,canadian contemporary r&b,2015,120,-4,199,71,2016,Solo
Alarm,Anne-Marie,dance pop,2016,147,-5,206,62,2016,Solo
Into You,Ariana Grande,dance pop,2016,108,-6,244,73,2016,Solo
Side To Side,Ariana Grande,dance pop,2016,159,-6,226,72,2016,Solo
Dangerous Woman,Ariana Grande,dance pop,2016,134,-5,236,72,2016,Solo
Hurts So Good,Astrid S,alt z,2021,120,-5,209,77,2016,Solo
Good Grief,Bastille,metropopolis,2016,120,-5,206,70,2016,Band/Group
Sorry,Beyoncé,dance pop,2016,130,-7,233,72,2016,Solo
Don't,Bryson Tiller,kentucky hip hop,2015,97,-6,198,83,2016,Solo
Exchange,Bryson Tiller,kentucky hip hop,2015,160,-11,195,81,2016,Solo
Dancing On My Own,Calum Scott,neo mellow,2018,113,-9,260,84,2016,Solo
This Is What You Came For (feat. Rihanna),Calvin Harris,dance pop,2016,124,-3,222,84,2016,Solo
My Way,Calvin Harris,dance pop,2016,120,-3,219,78,2016,Solo
We Don't Talk Anymore (feat. Selena Gomez),Charlie Puth,dance pop,2016,100,-8,218,73,2016,Solo
One Call Away,Charlie Puth,dance pop,2016,91,-5,194,70,2016,Solo
Dangerously,Charlie Puth,dance pop,2016,112,-8,199,58,2016,Solo
Sex,Cheat Codes,dance pop,2016,102,-6,228,66,2016,Trio
Back To Sleep,Chris Brown,dance pop,2015,93,-5,201,65,2016,Solo
Tears (feat. Louisa Johnson),Clean Bandit,dance pop,2016,130,-4,226,65,2016,Band/Group
Hymn for the Weekend,Coldplay,permanent wave,2015,90,-6,258,86,2016,Band/Group
Adventure of a Lifetime,Coldplay,permanent wave,2015,112,-4,264,79,2016,Band/Group
This One's for You (feat. Zara Larsson) (Official Song UEFA EURO 2016),David Guetta,big room,2016,110,-3,207,72,2016,Solo
Hide Away,Daya,alt z,2016,95,-5,192,72,2016,Solo
Let Me Love You,DJ Snake,dance pop,2016,100,-5,206,86,2016,Solo
Middle,DJ Snake,dance pop,2016,105,-5,221,79,2016,Solo
Cake By The Ocean,DNCE,dance pop,2016,119,-5,219,84,2016,Band/Group
Too Good,Drake,canadian hip hop,2016,118,-8,263,78,2016,Solo
Hotter Than Hell,Dua Lipa,dance pop,2017,110,-4,188,70,2016,Solo
DUELE EL CORAZON (feat. Wisin),Enrique Iglesias,dance pop,2016,91,-3,200,72,2016,Solo
Work from Home (feat. Ty Dolla $ign),Fifth Harmony,dance pop,2016,105,-6,214,81,2016,Band/Group
All In My Head (Flex) (feat. Fetty Wap),Fifth Harmony,dance pop,2016,95,-5,211,67,2016,Band/Group
My House,Flo Rida,dance pop,2015,94,-5,192,81,2016,Solo
Say It (feat. Tove Lo),Flume,australian dance,2016,75,-7,263,64,2016,Solo
Pink + White,Frank Ocean,alternative r&b,2016,160,-7,185,84,2016,Solo
Low Life (feat. The Weeknd),Future,atl hip hop,2016,144,-8,314,78,2016,Solo
No Money,Galantis,dance pop,2016,126,-4,189,72,2016,Duo
Starving,Hailee Steinfeld,dance pop,2016,100,-4,182,81,2016,Solo
Can I Be Him,James Arthur,pop,2016,108,-6,247,80,2016,Solo
When You Love Someone,James TW,neo mellow,2019,126,-6,217,79,2016,Solo
Love Me Now,John Legend,neo soul,2016,123,-4,210,59,2016,Solo
Perfect Strangers,Jonas Blue,dance pop,2018,118,-4,197,80,2016,Solo
Fast Car,Jonas Blue,dance pop,2018,114,-7,212,77,2016,Solo
Love Yourself,Justin Bieber,canadian pop,2015,100,-10,234,87,2016,Solo
Sorry,Justin Bieber,canadian pop,2015,100,-4,201,85,2016,Solo
Gold,Kiiara,alt z,2020,113,-9,226,64,2016,Solo
Stole the Show,Kygo,edm,2016,100,-8,223,78,2016,Solo
Stay (feat. Maty Noyes),Kygo,edm,2015,103,-8,239,65,2016,Solo
Shout Out to My Ex,Little Mix,dance pop,2016,126,-4,246,81,2016,Band/Group
7 Years,Lukas Graham,danish pop,2016,120,-6,237,83,2016,Band/Group
Alaska,Maggie Rogers,indie pop,2019,104,-11,188,70,2016,Solo
Cold Water,Major Lazer,dance pop,2016,93,-5,185,72,2016,Trio
You & Me,Marc E. Bassy,pop,2017,84,-8,218,69,2016,Solo
Alone,Marshmello,brostep,2016,142,-4,274,76,2016,Solo
In the Name of Love,Martin Garrix,dance pop,2016,134,-6,196,81,2016,Solo
NO,Meghan Trainor,dance pop,2017,92,-4,214,75,2016,Solo
The Ocean (feat. Shy Martin),Mike Perry,dance pop,2016,90,-6,183,75,2016,Solo
I Took A Pill In Ibiza - Seeb Remix,Mike Posner,dance pop,2016,102,-7,198,81,2016,Solo
Final Song,MØ,art pop,2016,105,-6,236,70,2016,Solo
This Town,Niall Horan,dance pop,2016,112,-8,233,64,2016,Solo
Close,Nick Jonas,dance pop,2016,124,-5,234,74,2016,Solo
History,Olivia Holt,alt z,2016,101,-7,204,64,2016,Solo
History,One Direction,boy band,2015,87,-4,187,77,2016,Band/Group
Wherever I Go,OneRepublic,dance pop,2016,100,-6,170,68,2016,Band/Group
Not Nice,PARTYNEXTDOOR,pop,2016,128,-9,203,67,2016,Solo
Needed Me,Rihanna,barbadian pop,2016,111,-8,192,84,2016,Solo
Work,Rihanna,barbadian pop,2016,92,-6,219,80,2016,Solo
Lost Boy,Ruth B.,alt z,2015,124,-15,275,77,2016,Solo
You Don't Own Me (feat. G-Eazy),SAYGRACE,dance pop,2016,186,-6,201,74,2016,Solo
Same Old Love,Selena Gomez,dance pop,2015,98,-4,229,70,2016,Solo
Hands To Myself,Selena Gomez,dance pop,2015,111,-7,201,68,2016,Solo
Treat You Better,Shawn Mendes,canadian pop,2017,83,-4,188,86,2016,Solo
I Know What You Did Last Summer,Shawn Mendes,canadian pop,2015,114,-5,224,77,2016,Solo
The Greatest (feat. Kendrick Lamar),Sia,australian dance,2016,192,-6,210,73,2016,Solo
Cheap Thrills (feat. Sean Paul),Sia,australian dance,2016,90,-5,225,73,2016,Solo
Sweet Lovin' - Radio Edit,Sigala,dance pop,2018,125,-3,202,69,2016,Solo
All My Friends (feat. Tinashe & Chance the Rapper),Snakehips,edm,2015,95,-6,230,77,2016,Duo
Just Hold On,Steve Aoki,dance pop,2018,115,-4,199,61,2016,Solo
Somebody Else,The 1975,modern alternative rock,2016,101,-6,348,76,2016,Band/Group
The Sound,The 1975,modern alternative rock,2016,121,-5,249,63,2016,Band/Group
Closer,The Chainsmokers,dance pop,2016,95,-6,245,88,2016,Duo
Don't Let Me Down,The Chainsmokers,dance pop,2016,160,-5,208,83,2016,Duo
Roses,The Chainsmokers,dance pop,2015,100,-7,227,78,2016,Duo
Ophelia,The Lumineers,folk-pop,2016,76,-7,160,79,2016,Band/Group
Starboy,The Weeknd,canadian contemporary r&b,2016,186,-7,230,88,2016,Solo
Once In a While,Timeflies,dance pop,2016,105,-6,215,65,2016,Duo
Girls Like (feat. Zara Larsson),Tinie Tempah,dance pop,2016,120,-3,196,67,2016,Solo
Cool Girl,Tove Lo,art pop,2016,102,-7,199,69,2016,Solo
Renegades,X Ambassadors,modern alternative rock,2015,90,-6,195,80,2016,Band/Group
Unsteady,X Ambassadors,modern alternative rock,2015,117,-6,194,78,2016,Band/Group
Never Forget You,Zara Larsson,dance pop,2017,146,-6,213,78,2016,Solo
PILLOWTALK,ZAYN,dance pop,2016,125,-4,203,82,2016,Solo
It's A Vibe,2 Chainz,atl hip hop,2017,73,-7,210,77,2017,Solo
Bank Account,21 Savage,atl hip hop,2017,75,-8,220,82,2017,Solo
Drowning (feat. Kodak Black),A Boogie Wit da Hoodie,melodic rap,2017,129,-5,209,79,2017,Solo
Plain Jane,A$AP Ferg,gangster rap,2017,170,-5,174,79,2017,Solo
Weak,AJR,modern rock,2017,124,-5,201,71,2017,Trio
Caroline,Aminé,hip hop,2017,120,-10,210,80,2017,Solo
More Than You Know,Axwell /\ Ingrosso,dance pop,2017,123,-5,203,83,2017,Duo
Rolex,Ayo & Teo,social media pop,2017,145,-3,239,73,2017,Duo
Bounce Back,Big Sean,detroit hip hop,2017,82,-6,222,76,2017,Solo
Man's Not Hot,Big Shaq,london rap,2017,135,-4,186,67,2017,Solo
Bored,Billie Eilish,art pop,2017,120,-13,181,88,2017,Solo
do re mi,blackbear,electropop,2017,111,-6,212,77,2017,Solo
That's What I Like,Bruno Mars,dance pop,2016,134,-5,207,86,2017,Solo
24K Magic,Bruno Mars,dance pop,2016,107,-4,226,82,2017,Solo
Slide (feat. Frank Ocean & Migos),Calvin Harris,dance pop,2017,104,-3,231,77,2017,Solo
Havana (feat. Young Thug),Camila Cabello,dance pop,2018,105,-4,217,84,2017,Solo
Bodak Yellow,Cardi B,dance pop,2018,125,-6,224,77,2017,Solo
No Promises (feat. Demi Lovato),Cheat Codes,dance pop,2017,113,-7,223,66,2017,Trio
Redbone,Childish Gambino,atl hip hop,2016,160,-11,327,87,2017,Solo
Rockabye (feat. Sean Paul & Anne-Marie),Clean Bandit,dance pop,2016,102,-4,251,80,2017,Band/Group
Sorry Not Sorry,Demi Lovato,dance pop,2017,144,-7,204,81,2017,Solo
Wild Thoughts (feat. Rihanna & Bryson Tiller),DJ Khaled,dance pop,2017,98,-3,205,70,2017,Solo
Passionfruit,Drake,canadian hip hop,2017,112,-11,299,86,2017,Solo
Fake Love,Drake,canadian hip hop,2017,134,-9,211,78,2017,Solo
Perfect,Ed Sheeran,pop,2017,95,-6,263,89,2017,Solo
Shape of You,Ed Sheeran,pop,2017,96,-3,234,89,2017,Solo
Sit Next to Me,Foster The People,indietronica,2017,97,-5,243,75,2017,Band/Group
Unforgettable,French Montana,gangster rap,2017,98,-5,234,86,2017,Solo
Mask Off,Future,atl hip hop,2017,150,-9,205,84,2017,Solo
Him & I (with Halsey),G-Eazy,indie pop rap,2017,88,-6,269,80,2017,Solo
No Limit,G-Eazy,indie pop rap,2017,176,-4,245,76,2017,Solo
Most Girls,Hailee Steinfeld,dance pop,2017,103,-7,204,77,2017,Solo
Now Or Never,Halsey,dance pop,2017,110,-5,215,71,2017,Solo
NUMB,Hayden James,aussietronica,2019,148,-7,217,64,2017,Solo
Believer,Imagine Dragons,modern rock,2017,125,-4,204,91,2017,Band/Group
Thunder,Imagine Dragons,modern rock,2017,168,-5,187,87,2017,Band/Group
Whatever It Takes,Imagine Dragons,modern rock,2017,135,-5,201,84,2017,Band/Group
HUMBLE.,Kendrick Lamar,conscious hip hop,2017,150,-7,177,87,2017,Solo
LOVE. FEAT. ZACARI.,Kendrick Lamar,conscious hip hop,2017,126,-7,213,85,2017,Solo
DNA.,Kendrick Lamar,conscious hip hop,2017,140,-7,186,83,2017,Solo
ELEMENT.,Kendrick Lamar,conscious hip hop,2017,190,-5,209,76,2017,Solo
Young Dumb & Broke,Khalid,pop,2017,137,-6,203,84,2017,Solo
Location,Khalid,pop,2017,80,-11,219,83,2017,Solo
Tunnel Vision,Kodak Black,florida rap,2017,172,-8,268,78,2017,Solo
iSpy (feat. Lil Yachty),KYLE,pop,2016,75,-7,253,76,2017,Solo
Lust For Life (with The Weeknd),Lana Del Rey,art pop,2017,100,-9,264,73,2017,Solo
Strip That Down (feat. Quavo),Liam Payne,dance pop,2019,106,-5,202,75,2017,Solo
Save That Shit,Lil Peep,emo rap,2017,106,-9,232,82,2017,Solo
Gucci Gang,Lil Pump,emo rap,2017,120,-7,124,69,2017,Solo
XO Tour Llif3,Lil Uzi Vert,melodic rap,2017,155,-6,183,86,2017,Solo
Touch (feat. Kid Ink),Little Mix,dance pop,2016,102,-4,203,59,2017,Band/Group
1-800-273-8255,Logic,conscious hip hop,2017,100,-8,250,82,2017,Solo
Liability,Lorde,art pop,2017,76,-11,172,79,2017,Solo
Green Light,Lorde,art pop,2017,129,-8,235,78,2017,Solo
broken,lovelytheband,indie poptimism,2018,123,-6,205,76,2017,Band/Group
Despacito,Luis Fonsi,latin,2019,178,-5,229,83,2017,Solo
Bad Things (with Camila Cabello),Machine Gun Kelly,ohio hip hop,2017,138,-5,239,76,2017,Solo
Glorious (feat. Skylar Grey),Macklemore,pop rap,2017,140,-5,220,78,2017,Solo
Cold (feat. Future),Maroon 5,pop,2018,100,-6,234,68,2017,Band/Group
Don't Wanna Know (feat. Kendrick Lamar),Maroon 5,pop,2018,100,-6,214,66,2017,Band/Group
Little Dark Age,MGMT,alternative dance,2018,98,-6,300,85,2017,Band/Group
Bad and Boujee (feat. Lil Uzi Vert),Migos,atl hip hop,2017,127,-5,343,78,2017,Trio
Slippery (feat. Gucci Mane),Migos,atl hip hop,2017,142,-6,304,74,2017,Trio
T-Shirt,Migos,atl hip hop,2017,139,-4,242,71,2017,Trio
Sky Walker (feat. Travis Scott),Miguel,dance pop,2017,146,-11,259,78,2017,Solo
Malibu,Miley Cyrus,dance pop,2017,140,-6,232,77,2017,Solo
Nights With You,MØ,art pop,2017,120,-4,197,61,2017,Solo
Slow Hands,Niall Horan,dance pop,2017,86,-7,188,79,2017,Solo
Magnolia,Playboi Carti,atl hip hop,2017,163,-7,182,82,2017,Solo
Chameleon,PNAU,alternative dance,2017,120,-3,198,48,2017,Trio
Feel It Still,Portugal. The Man,indie rock,2017,79,-5,163,81,2017,Band/Group
Congratulations,Post Malone,dfw rap,2016,123,-4,220,85,2017,Solo
I Fall Apart,Post Malone,dfw rap,2016,144,-5,223,83,2017,Solo
Swang,Rae Sremmurd,hip hop,2016,140,-9,208,80,2017,Duo
Black Beatles,Rae Sremmurd,hip hop,2016,146,-6,292,80,2017,Duo
Chill Bill (feat. J. Davi$ & Spooks),Rob $tone,san diego rap,2016,108,-10,177,81,2017,Solo
Losin Control,Russ,hawaiian hip hop,2017,97,-7,238,79,2017,Solo
Too Good At Goodbyes,Sam Smith,dance pop,2017,92,-8,201,77,2017,Solo
No Lie,Sean Paul,dance pop,2018,102,-3,221,89,2017,Solo
Fetish (feat. Gucci Mane),Selena Gomez,dance pop,2017,123,-4,186,74,2017,Solo
Broccoli,Shelley FKA DRAM,alternative r&b,2016,146,-7,225,64,2017,Solo
Don't Leave,Snakehips,edm,2017,122,-3,215,68,2017,Duo
Love Galore (feat. Travis Scott),SZA,pop,2017,135,-6,275,81,2017,Solo
Look What You Made Me Do,Taylor Swift,pop,2017,128,-6,212,81,2017,Solo
...Ready For It?,Taylor Swift,pop,2017,160,-7,208,78,2017,Solo
Something Just Like This,The Chainsmokers,dance pop,2017,103,-7,247,87,2017,Duo
Paris,The Chainsmokers,dance pop,2017,100,-6,222,77,2017,Duo
All Night,The Vamps,boy band,2017,145,-5,198,78,2017,Duo
Middle Of The Night,The Vamps,boy band,2017,130,-4,175,65,2017,Duo
I Feel It Coming,The Weeknd,canadian contemporary r&b,2016,93,-6,269,82,2017,Solo
goosebumps,Travis Scott,hip hop,2016,130,-3,244,88,2017,Solo
BUTTERFLY EFFECT,Travis Scott,hip hop,2018,141,-6,191,81,2017,Solo
Jocelyn Flores,XXXTENTACION,emo rap,2017,134,-9,119,89,2017,Solo
Rake It Up (feat. Nicki Minaj),Yo Gotti,dirty south rap,2017,150,-8,276,73,2017,Solo
I Would Like,Zara Larsson,dance pop,2017,121,-4,227,62,2017,Solo
Juju on That Beat (TZ Anthem),Zay Hilfigerrr,hip hop,2016,161,-4,144,62,2017,Solo
Stay,Zedd,complextro,2017,102,-5,210,80,2017,Solo
Youngblood,5 Seconds of Summer,boy band,2018,120,-5,203,74,2018,Band/Group
FEFE,6ix9ine,emo rap,2018,126,-9,179,75,2018,Solo
GUMMO,6ix9ine,emo rap,2018,157,-5,158,67,2018,Solo
God is a woman,Ariana Grande,dance pop,2018,145,-6,198,83,2018,Solo
no tears left to cry,Ariana Grande,dance pop,2018,122,-6,206,82,2018,Solo
Jumanji,B Young,afroswing,2018,96,-10,173,65,2018,Solo
Answerphone (feat. Yxng Bane),Banx & Ranx,basshall,2018,113,-4,191,60,2018,Duo
Mine,Bazzi,dance pop,2018,143,-4,131,80,2018,Solo
Eastside (with Halsey & Khalid),benny blanco,electropop,2018,89,-8,174,80,2018,Solo
lovely (with Khalid),Billie Eilish,art pop,2018,115,-10,200,91,2018,Solo
Look Alive (feat. Drake),BlocBoy JB,memphis hip hop,2018,140,-7,181,78,2018,Solo
Finesse - Remix; feat. Cardi B,Bruno Mars,dance pop,2017,105,-5,217,78,2018,Solo
One Kiss (with Dua Lipa),Calvin Harris,dance pop,2018,124,-3,215,86,2018,Solo
Never Be the Same,Camila Cabello,dance pop,2018,130,-4,227,79,2018,Solo
I Like It,Cardi B,dance pop,2018,136,-4,253,83,2018,Solo
Bodak Yellow,Cardi B,dance pop,2018,125,-6,224,77,2018,Solo
Be Careful,Cardi B,dance pop,2018,152,-8,211,72,2018,Solo
Miss You (with Major Lazer & Tory Lanez),Cashmere Cat,dance pop,2018,100,-5,186,61,2018,Solo
How Long,Charlie Puth,dance pop,2018,110,-5,201,77,2018,Solo
Done for Me (feat. Kehlani),Charlie Puth,dance pop,2018,112,-4,180,72,2018,Solo
The Way I Am,Charlie Puth,dance pop,2018,115,-6,186,68,2018,Solo
This Is America,Childish Gambino,atl hip hop,2018,120,-6,226,75,2018,Solo
Tequila,Dan + Shay,contemporary country,2018,86,-6,197,75,2018,Duo
Nevermind,Dennis Lloyd,israeli pop,2017,100,-8,157,79,2018,Solo
No Brainer,DJ Khaled,dance pop,2018,136,-5,260,71,2018,Solo
God's Plan,Drake,canadian hip hop,2018,77,-9,199,86,2018,Solo
Nonstop,Drake,canadian hip hop,2018,155,-8,239,82,2018,Solo
Nice For What,Drake,canadian hip hop,2018,93,-6,211,81,2018,Solo
In My Feelings,Drake,canadian hip hop,2018,91,-6,218,80,2018,Solo
I'm Upset,Drake,canadian hip hop,2018,150,-8,214,73,2018,Solo
IDGAF,Dua Lipa,dance pop,2017,97,-6,218,83,2018,Solo
In My Mind,Dynoro,edm,2018,126,-5,185,83,2018,Solo
Trip,Ella Mai,dance pop,2018,80,-6,214,77,2018,Solo
Boo'd Up,Ella Mai,dance pop,2017,82,-5,256,73,2018,Solo
River (feat. Ed Sheeran),Eminem,detroit hip hop,2017,90,-6,221,77,2018,Solo
German,EO,afroswing,2018,103,-6,171,71,2018,Solo
Let's Fall in Love for the Night,FINNEAS,alt z,2018,128,-8,190,77,2018,Solo
Simple,Florida Georgia Line,contemporary country,2019,200,-4,185,75,2018,Duo
Him & I (with Halsey),G-Eazy,indie pop rap,2017,88,-6,269,80,2018,Solo
Shotgun,George Ezra,folk-pop,2018,116,-5,201,81,2018,Solo
Paradise,George Ezra,folk-pop,2018,138,-4,222,73,2018,Solo
we fell in love in october,girl in red,bedroom pop,2018,130,-13,184,88,2018,Solo
Bad At Love,Halsey,dance pop,2017,118,-4,181,77,2018,Solo
The Greatest Show,Hugh Jackman,hollywood,2017,158,-7,302,77,2018,Band/Group
Natural,Imagine Dragons,modern rock,2018,100,-6,189,85,2018,Band/Group
Make Me Feel,Janelle Monáe,afrofuturism,2018,115,-7,194,68,2018,Solo
You Make It Easy,Jason Aldean,contemporary country,2018,132,-5,197,74,2018,Solo
Rise,Jonas Blue,dance pop,2018,106,-5,194,74,2018,Solo
Lucid Dreams,Juice WRLD,chicago rap,2018,84,-7,240,89,2018,Solo
LOVE. FEAT. ZACARI.,Kendrick Lamar,conscious hip hop,2017,126,-7,213,85,2018,Solo
All The Stars (with SZA),Kendrick Lamar,conscious hip hop,2018,97,-5,232,85,2018,Solo
Love Lies (with Normani),Khalid,pop,2018,144,-6,202,78,2018,Solo
1950,King Princess,alt z,2018,72,-7,225,77,2018,Solo
I Like Me Better,Lauv,dance pop,2018,92,-8,197,86,2018,Solo
Yes Indeed,Lil Baby,atl hip hop,2018,120,-9,142,84,2018,Solo
Freaky Friday (feat. Chris Brown),Lil Dicky,comedy rap,2018,133,-5,217,74,2018,Solo
Everyday,Logic,conscious hip hop,2018,150,-4,205,74,2018,Solo
Body,Loud Luxury,dance pop,2017,122,-4,163,77,2018,Duo
Bad Vibe,M.O,afroswing,2018,110,-4,214,58,2018,Band/Group
Corazón (feat. Nego do Borel),Maluma,latin,2018,198,-6,185,74,2018,Solo
Wait,Maroon 5,pop,2018,126,-5,191,64,2018,Band/Group
Happier,Marshmello,brostep,2018,100,-3,214,86,2018,Solo
Silence,Marshmello,brostep,2017,142,-3,181,84,2018,Solo
FRIENDS,Marshmello,brostep,2018,95,-2,203,83,2018,Solo
Spotlight,Marshmello,brostep,2018,150,-4,178,76,2018,Solo
Walk It Talk It,Migos,atl hip hop,2018,146,-5,276,79,2018,Trio
MotorSport,Migos,atl hip hop,2018,138,-5,303,77,2018,Trio
Stir Fry,Migos,atl hip hop,2018,182,-5,190,75,2018,Trio
17,MK,dance pop,2017,122,-7,196,69,2018,Solo
Let You Down,NF,hip hop,2017,148,-6,212,84,2018,Solo
Te Boté - Remix,Nio Garcia,latin,2018,97,-3,418,81,2018,Solo
Ric Flair Drip (with Metro Boomin),Offset,atl hip hop,2017,100,-8,173,85,2018,Solo
Vaina Loca,Ozuna,latin,2018,94,-4,176,77,2018,Solo
Déjala Que Vuelva (feat. Manuel Turizo),Piso 21,colombian pop,2018,170,-4,220,76,2018,Band/Group
rockstar (feat. 21 Savage),Post Malone,dfw rap,2018,160,-6,218,87,2018,Solo
Better Now,Post Malone,dfw rap,2018,145,-6,231,84,2018,Solo
Psycho (feat. Ty Dolla $ign),Post Malone,dfw rap,2018,140,-8,221,82,2018,Solo
Powerglide (feat. Juicy J) - From SR3MM,Rae Sremmurd,hip hop,2018,174,-5,332,71,2018,Duo
Plug Walk,Rich The Kid,atl hip hop,2018,95,-7,175,77,2018,Solo
Mo Bamba,Sheck Wes,rap,2018,146,-5,184,81,2018,Solo
Strangers,Sigrid,dance pop,2019,115,-6,234,64,2018,Solo
Delicate,Taylor Swift,pop,2017,95,-10,232,81,2018,Solo
It's Not Living (If It's Not With You),The 1975,modern alternative rock,2018,121,-5,248,75,2018,Band/Group
This Feeling,The Chainsmokers,dance pop,2018,105,-8,198,78,2018,Duo
Sick Boy,The Chainsmokers,dance pop,2018,90,-8,193,74,2018,Duo
Call Out My Name,The Weeknd,canadian contemporary r&b,2018,134,-5,228,85,2018,Solo
Pray For Me (with Kendrick Lamar),The Weeknd,canadian contemporary r&b,2018,101,-5,211,74,2018,Solo
Jackie Chan,Tiësto,big room,2018,128,-3,216,76,2018,Solo
SICKO MODE,Travis Scott,hip hop,2018,155,-4,313,86,2018,Solo
Taste (feat. Offset),Tyga,dance pop,2018,98,-7,233,78,2018,Solo
Saturday Sun,Vance Joy,folk-pop,2018,100,-4,215,75,2018,Solo
SAD!,XXXTENTACION,emo rap,2018,75,-5,167,88,2018,Solo
Moonlight,XXXTENTACION,emo rap,2018,128,-6,135,87,2018,Solo
changes,XXXTENTACION,emo rap,2018,65,-10,122,84,2018,Solo
If You're Over Me,Years & Years,dance pop,2018,104,-5,189,60,2018,Band/Group
The Middle,Zedd,complextro,2018,107,-3,185,84,2018,Solo
a lot,21 Savage,atl hip hop,2018,146,-8,289,83,2019,Solo
Easier,5 Seconds of Summer,boy band,2020,176,-4,158,74,2019,Band/Group
Swervin (feat. 6ix9ine),A Boogie Wit da Hoodie,melodic rap,2018,93,-5,189,80,2019,Solo
Look Back at It,A Boogie Wit da Hoodie,melodic rap,2018,96,-5,179,78,2019,Solo
Ladbroke Grove,AJ Tracey,grime,2019,134,-9,191,73,2019,Solo
China,Anuel AA,latin,2019,105,-4,302,80,2019,Solo
Secreto,Anuel AA,latin,2019,92,-4,259,79,2019,Solo
7 rings,Ariana Grande,dance pop,2019,140,-11,179,88,2019,Solo
boyfriend (with Social House),Ariana Grande,dance pop,2019,190,-4,186,81,2019,Solo
On A Roll,Ashley O,pop,2019,125,-6,154,62,2019,Solo
Callaita,Bad Bunny,latin,2019,176,-5,251,86,2019,Solo
MIA (feat. Drake),Bad Bunny,latin,2018,97,-6,210,82,2019,Solo
lovely (with Khalid),Billie Eilish,art pop,2018,115,-10,200,91,2019,Solo
bad guy,Billie Eilish,art pop,2019,135,-11,194,88,2019,Solo
when the party's over,Billie Eilish,art pop,2019,83,-14,196,85,2019,Solo
bury a friend,Billie Eilish,art pop,2019,120,-15,193,80,2019,Solo
Kill This Love,BLACKPINK,k-pop,2019,132,-5,191,79,2019,Band/Group
The Git Up,Blanco Brown,black americana,2019,98,-9,201,74,2019,Solo
Thotiana,Blueface,cali rap,2018,104,-13,129,71,2019,Solo
Boy With Luv (feat. Halsey),BTS,k-pop,2019,120,-5,230,86,2019,Band/Group
Please Me,Cardi B,dance pop,2019,134,-7,201,79,2019,Solo
Money,Cardi B,dance pop,2018,130,-7,184,78,2019,Solo
Suge,DaBaby,north carolina hip hop,2019,75,-6,163,77,2019,Solo
Location (feat. Burna Boy),Dave,uk hip hop,2019,110,-6,241,81,2019,Solo
Juicy,Doja Cat,dance pop,2019,170,-3,202,62,2019,Solo
3 Nights,Dominic Fike,alternative pop rock,2018,152,-7,178,84,2019,Solo
Money In The Grave (Drake ft. Rick Ross),Drake,canadian hip hop,2019,101,-4,205,82,2019,Solo
Don't Start Now,Dua Lipa,dance pop,2019,124,-5,183,84,2019,Solo
Take Me Back to London (feat. Stormzy),Ed Sheeran,pop,2019,138,-6,190,71,2019,Solo
Cross Me (feat. Chance the Rapper & PnB Rock),Ed Sheeran,pop,2019,95,-6,206,69,2019,Solo
Antisocial (with Travis Scott),Ed Sheeran,pop,2019,152,-5,162,68,2019,Solo
Leave Me Alone,Flipp Dinero,melodic rap,2019,150,-3,196,75,2019,Solo
Lost in the Fire (feat. The Weeknd),Gesaffelstein,dark clubbing,2019,101,-12,202,89,2019,Solo
Without Me,Halsey,dance pop,2018,136,-7,202,82,2019,Solo
emotions,iann dior,melodic rap,2019,81,-6,131,77,2019,Solo
gone girl,iann dior,melodic rap,2019,95,-6,137,75,2019,Solo
MIDDLE CHILD,J. Cole,conscious hip hop,2019,124,-12,214,85,2019,Solo
All Day And Night,Jax Jones,dance pop,2019,122,-4,169,64,2019,Solo
Sorry,Joel Corry,dance pop,2019,125,-5,189,68,2019,Solo
Sucker,Jonas Brothers,boy band,2019,138,-5,181,84,2019,Band/Group
Only Human,Jonas Brothers,boy band,2019,94,-6,183,76,2019,Band/Group
Robbery,Juice WRLD,chicago rap,2019,80,-5,240,84,2019,Solo
Good as You,Kane Brown,black americana,2019,154,-6,192,70,2019,Solo
Nights Like This (feat. Ty Dolla $ign),Kehlani,dance pop,2019,146,-5,202,80,2019,Solo
Better,Khalid,pop,2018,98,-10,229,81,2019,Solo
Talk (feat. Disclosure),Khalid,pop,2019,136,-9,198,76,2019,Solo
ZEZE (feat. Travis Scott & Offset),Kodak Black,florida rap,2018,98,-6,229,82,2019,Solo
Shallow,Lady Gaga,art pop,2018,96,-6,216,87,2019,Solo
Doin' Time,Lana Del Rey,art pop,2019,145,-11,202,83,2019,Solo
i'm so tired...,Lauv,dance pop,2020,102,-7,163,81,2019,Solo
Someone You Loved,Lewis Capaldi,pop,2019,110,-6,182,89,2019,Solo
Grace,Lewis Capaldi,pop,2019,104,-6,186,72,2019,Solo
Old Town Road - Remix,Lil Nas X,lgbtq+ hip hop,2019,136,-6,157,83,2019,Solo
Old Town Road,Lil Nas X,lgbtq+ hip hop,2019,136,-6,113,80,2019,Solo
Panini,Lil Nas X,lgbtq+ hip hop,2019,154,-6,115,76,2019,Solo
Ransom,Lil Tecca,melodic rap,2019,180,-6,131,83,2019,Solo
Truth Hurts,Lizzo,dance pop,2019,158,-3,173,80,2019,Solo
Good as Hell,Lizzo,dance pop,2019,96,-3,160,77,2019,Solo
Soltera - Remix,Lunay,latin,2019,92,-4,266,74,2019,Solo
Light On,Maggie Rogers,indie pop,2019,102,-6,234,72,2019,Solo
Nothing Breaks Like a Heart (feat. Miley Cyrus),Mark Ronson,dance pop,2018,114,-6,217,84,2019,Solo
Here With Me,Marshmello,brostep,2019,100,-4,156,77,2019,Solo
One Thing Right,Marshmello,brostep,2019,88,-2,182,77,2019,Solo
Piece Of Your Heart,MEDUZA,edm,2019,124,-7,153,81,2019,Band/Group
Going Bad (feat. Drake),Meek Mill,hip hop,2018,86,-6,181,83,2019,Solo
Hot Girl Summer (feat. Nicki Minaj & Ty Dolla $ign),Megan Thee Stallion,dance pop,2019,99,-5,199,73,2019,Solo
Slide Away,Miley Cyrus,dance pop,2019,148,-7,234,74,2019,Solo
Pure Water (with Migos),Mustard,cali rap,2019,202,-6,192,80,2019,Solo
Shotta Flow (feat. Blueface) [Remix],NLE Choppa,memphis hip hop,2019,120,-5,177,74,2019,Solo
Motivation,Normani,dance pop,2019,171,-4,194,76,2019,Solo
Options,NSG,afro dancehall,2020,102,-5,240,62,2019,Band/Group
Clout (feat. Cardi B),Offset,atl hip hop,2019,140,-7,206,73,2019,Solo
High Hopes,Panic! At The Disco,modern rock,2018,82,-3,191,85,2019,Band/Group
Adan y Eva,Paulo Londra,argentine hip hop,2019,172,-4,257,76,2019,Solo
Pop Out (feat. Lil Tjay),Polo G,chicago rap,2019,168,-7,167,83,2019,Solo
Circles,Post Malone,dfw rap,2019,120,-3,215,89,2019,Solo
Better Now,Post Malone,dfw rap,2018,145,-6,231,84,2019,Solo
Sunflower - Spider-Man: Into the Spider-Verse,Post Malone,dfw rap,2019,90,-4,158,84,2019,Solo
Wow.,Post Malone,dfw rap,2019,100,-7,150,83,2019,Solo
Goodbyes (feat. Young Thug),Post Malone,dfw rap,2019,150,-4,175,82,2019,Solo
Bohemian Rhapsody - Remastered 2011,Queen,classic rock,1975,144,-10,354,77,2019,Band/Group
Ride It,Regard,dance pop,2019,118,-4,158,85,2019,Solo
Keisha & Becky - Remix,Russ Millions,uk drill,2019,141,-10,253,73,2019,Solo
Post Malone (feat. RANI),Sam Feldt,dance pop,2019,107,-4,174,74,2019,Solo
My Type,Saweetie,cali rap,2019,105,-6,126,76,2019,Solo
Otro Trago,Sech,latin,2019,176,-5,226,76,2019,Solo
Señorita,Shawn Mendes,canadian pop,2019,117,-6,191,83,2019,Solo
If I Can't Have You,Shawn Mendes,canadian pop,2019,124,-4,191,78,2019,Solo
Don’t Feel Like Crying,Sigrid,dance pop,2019,120,-4,157,56,2019,Solo
Vossi Bop,Stormzy,grime,2019,188,-6,196,69,2019,Solo
Lover,Taylor Swift,pop,2019,69,-8,221,86,2019,Solo
Cruel Summer,Taylor Swift,pop,2019,170,-6,178,82,2019,Solo
You Need To Calm Down,Taylor Swift,pop,2019,85,-6,171,81,2019,Solo
SICKO MODE,Travis Scott,hip hop,2018,155,-4,313,86,2019,Solo
Boasty (feat. Idris Elba),Wiley,grime,2019,103,-5,177,68,2019,Solo
Strike a Pose (feat. Aitch),Young T & Bugsey,afroswing,2019,138,-6,214,67,2019,Duo
The London (feat. J. Cole & Travis Scott),Young Thug,atl hip hop,2019,98,-7,200,75,2019,Solo
